{"cameraMode":{"drawMode":0,"name":"Shaded","section":"Shading Mode"},"sceneLighting":false,"audioPlay":false,"sceneViewState":{"m_AlwaysRefresh":false,"showFog":true,"showSkybox":false,"showFlares":true,"showImageEffects":true,"showParticleSystems":true,"showVisualEffectGraphs":true,"m_FxEnabled":true},"in2DMode":false,"pivot":{"x":-0.8264046311378479,"y":1.0044081211090088,"z":-0.5172194242477417},"rotation":{"x":0.14763490855693818,"y":0.6768607497215271,"z":-0.14130517840385438,"w":0.7071813941001892},"size":0.4416727125644684,"orthographic":false}