{"cameraMode":{"drawMode":0,"name":"Shaded","section":"Shading Mode"},"sceneLighting":false,"audioPlay":false,"sceneViewState":{"m_AlwaysRefresh":false,"showFog":true,"showSkybox":false,"showFlares":true,"showImageEffects":true,"showParticleSystems":true,"showVisualEffectGraphs":true,"m_FxEnabled":true},"in2DMode":false,"pivot":{"x":2.105058193206787,"y":-1.4884623289108277,"z":0.9566144943237305},"rotation":{"x":0.18809019029140473,"y":0.5492904186248779,"z":-0.12850047647953034,"w":0.8039952516555786},"size":2.2114758491516115,"orthographic":false}