{"cameraMode":{"drawMode":0,"name":"Shaded","section":"Shading Mode"},"sceneLighting":false,"audioPlay":false,"sceneViewState":{"m_AlwaysRefresh":false,"showFog":true,"showSkybox":false,"showFlares":true,"showImageEffects":true,"showParticleSystems":true,"showVisualEffectGraphs":true,"m_FxEnabled":true},"in2DMode":false,"pivot":{"x":0.48445531725883486,"y":-1.9384715557098389,"z":0.7792769074440002},"rotation":{"x":0.43681225180625918,"y":0.1677209734916687,"z":-0.08326313644647598,"w":0.8798584342002869},"size":2.2114758491516115,"orthographic":false}